<?xml version="1.0"?>
<series name="stm32f2">
  <chip name="stm32f2">
    <chip_id>0x0000</chip_id>
    <program_mode>j:JTAG(F)|s:SWD|i:ISP(C)</program_mode>
    <app_default>0xFF</app_default>
    <app_addr>0x08000000</app_addr>
    <app_seg>0</app_seg>
    <sram_addr>0x20000000</sram_addr>
  </chip>
  <chip name="stm32f2_xl">
    <chip_id>0x0411</chip_id>
    <program_mode>jsi</program_mode>
    <app_page_size>1024</app_page_size>
    <app_page_num>1024</app_page_num>
    <uid init="0xFF" bytesize="12" mask="0xFFFFFFFF:0xFFFFFFFF:0xFFFFFFFF" format="%4x%4x%4x"></uid>
  </chip>
</series>